{
  "Use Non-ASCII Font" : true,
  "Tags" : [

  ],
  "Ansi 12 Color" : {
    "Blue Component" : 0.58823529411764708,
    "Color Space" : "sRGB",
    "Green Component" : 0.58039215686274515,
    "Red Component" : 0.51372549019607838
  },
  "Ansi 7 Color" : {
    "Blue Component" : 0.83529411764705885,
    "Color Space" : "sRGB",
    "Green Component" : 0.90980392156862744,
    "Red Component" : 0.93333333333333335
  },
  "Ansi 8 Color" : {
    "Blue Component" : 0.21176470588235294,
    "Color Space" : "sRGB",
    "Green Component" : 0.16862745098039217,
    "Red Component" : 0
  },
  "Bold Color" : {
    "Blue Component" : 0.63137254901960782,
    "Color Space" : "sRGB",
    "Green Component" : 0.63137254901960782,
    "Red Component" : 0.57647058823529407
  },
  "Ansi 9 Color" : {
    "Blue Component" : 0.086274509803921567,
    "Color Space" : "sRGB",
    "Green Component" : 0.29411764705882354,
    "Red Component" : 0.79607843137254897
  },
  "Ansi 6 Color" : {
    "Blue Component" : 0.59607843137254901,
    "Color Space" : "sRGB",
    "Green Component" : 0.63137254901960782,
    "Red Component" : 0.16470588235294117
  },
  "Transparency" : 0,
  "Rows" : 25,
  "Default Bookmark" : "No",
  "Cursor Guide Color" : {
    "Red Component" : 0.70213186740875244,
    "Color Space" : "sRGB",
    "Blue Component" : 1,
    "Alpha Component" : 0.25,
    "Green Component" : 0.9268307089805603
  },
  "Non-ASCII Anti Aliased" : true,
  "Use Bright Bold" : true,
  "Ansi 10 Color" : {
    "Blue Component" : 0.45882352941176469,
    "Color Space" : "sRGB",
    "Green Component" : 0.43137254901960786,
    "Red Component" : 0.34509803921568627
  },
  "Use Cursor Guide" : false,
  "Ambiguous Double Width" : false,
  "Jobs to Ignore" : [
    "rlogin",
    "ssh",
    "slogin",
    "telnet"
  ],
  "Ansi 15 Color" : {
    "Blue Component" : 0.8901960784313725,
    "Color Space" : "sRGB",
    "Green Component" : 0.96470588235294119,
    "Red Component" : 0.99215686274509807
  },
  "Foreground Color" : {
    "Blue Component" : 0.58823529411764708,
    "Color Space" : "sRGB",
    "Green Component" : 0.58039215686274515,
    "Red Component" : 0.51372549019607838
  },
  "Working Directory" : "\/Users\/cekrem",
  "Blinking Cursor" : false,
  "Disable Window Resizing" : true,
  "Sync Title" : false,
  "Prompt Before Closing 2" : false,
  "BM Growl" : true,
  "Command" : "",
  "Description" : "Default",
  "Mouse Reporting" : true,
  "Smart Cursor Color" : true,
  "Screen" : -1,
  "Selection Color" : {
    "Blue Component" : 0.25882352941176473,
    "Color Space" : "sRGB",
    "Green Component" : 0.21176470588235294,
    "Red Component" : 0.027450980392156862
  },
  "Columns" : 80,
  "Idle Code" : 0,
  "Ansi 13 Color" : {
    "Blue Component" : 0.7686274509803922,
    "Color Space" : "sRGB",
    "Green Component" : 0.44313725490196076,
    "Red Component" : 0.42352941176470588
  },
  "Custom Command" : "No",
  "ASCII Anti Aliased" : true,
  "Non Ascii Font" : "MesloLGSNerdFontComplete-Regular 14",
  "Vertical Spacing" : 1,
  "Use Bold Font" : true,
  "Option Key Sends" : 0,
  "Selected Text Color" : {
    "Blue Component" : 0.63137254901960782,
    "Color Space" : "sRGB",
    "Green Component" : 0.63137254901960782,
    "Red Component" : 0.57647058823529407
  },
  "Background Color" : {
    "Blue Component" : 0.21176470588235294,
    "Color Space" : "sRGB",
    "Green Component" : 0.16862745098039217,
    "Red Component" : 0
  },
  "Character Encoding" : 4,
  "Ansi 11 Color" : {
    "Blue Component" : 0.51372549019607838,
    "Color Space" : "sRGB",
    "Green Component" : 0.4823529411764706,
    "Red Component" : 0.396078431372549
  },
  "Non-ASCII Ligatures" : true,
  "Use Italic Font" : true,
  "Unlimited Scrollback" : false,
  "Keyboard Map" : {
    "0xf702-0x280000" : {
      "Text" : "b",
      "Action" : 10
    },
    "0xf70d-0x20000" : {
      "Action" : 10,
      "Text" : "[21;2~"
    },
    "0xf708-0x20000" : {
      "Action" : 10,
      "Text" : "[15;2~"
    },
    "0x33-0x40000" : {
      "Action" : 11,
      "Text" : "0x1b"
    },
    "0xf703-0x260000" : {
      "Action" : 10,
      "Text" : "[1;6C"
    },
    "0xf729-0x20000" : {
      "Action" : 10,
      "Text" : "[1;2H"
    },
    "0xf702-0x260000" : {
      "Action" : 10,
      "Text" : "[1;6D"
    },
    "0x38-0x40000" : {
      "Action" : 11,
      "Text" : "0x7f"
    },
    "0xf72b-0x40000" : {
      "Action" : 10,
      "Text" : "[1;5F"
    },
    "0xf70c-0x20000" : {
      "Action" : 10,
      "Text" : "[20;2~"
    },
    "0xf701-0x260000" : {
      "Action" : 10,
      "Text" : "[1;6B"
    },
    "0x32-0x40000" : {
      "Action" : 11,
      "Text" : "0x00"
    },
    "0xf707-0x20000" : {
      "Action" : 10,
      "Text" : "[1;2S"
    },
    "0xf703-0x240000" : {
      "Action" : 10,
      "Text" : "[1;5C"
    },
    "0xf700-0x260000" : {
      "Action" : 10,
      "Text" : "[1;6A"
    },
    "0xf702-0x240000" : {
      "Action" : 10,
      "Text" : "[1;5D"
    },
    "0x37-0x40000" : {
      "Action" : 11,
      "Text" : "0x1f"
    },
    "0xf701-0x240000" : {
      "Action" : 10,
      "Text" : "[1;5B"
    },
    "0xf70b-0x20000" : {
      "Action" : 10,
      "Text" : "[19;2~"
    },
    "0xf703-0x220000" : {
      "Action" : 10,
      "Text" : "[1;2C"
    },
    "0xf706-0x20000" : {
      "Action" : 10,
      "Text" : "[1;2R"
    },
    "0xf700-0x240000" : {
      "Action" : 10,
      "Text" : "[1;5A"
    },
    "0xf702-0x220000" : {
      "Action" : 10,
      "Text" : "[1;2D"
    },
    "0x36-0x40000" : {
      "Action" : 11,
      "Text" : "0x1e"
    },
    "0xf70f-0x20000" : {
      "Action" : 10,
      "Text" : "[24;2~"
    },
    "0xf701-0x220000" : {
      "Action" : 10,
      "Text" : "[1;2B"
    },
    "0xf70a-0x20000" : {
      "Action" : 10,
      "Text" : "[18;2~"
    },
    "0xf729-0x40000" : {
      "Action" : 10,
      "Text" : "[1;5H"
    },
    "0xf72b-0x20000" : {
      "Action" : 10,
      "Text" : "[1;2F"
    },
    "0xf700-0x220000" : {
      "Action" : 10,
      "Text" : "[1;2A"
    },
    "0xf705-0x20000" : {
      "Action" : 10,
      "Text" : "[1;2Q"
    },
    "0x35-0x40000" : {
      "Action" : 11,
      "Text" : "0x1d"
    },
    "0x2d-0x40000" : {
      "Action" : 11,
      "Text" : "0x1f"
    },
    "0xf70e-0x20000" : {
      "Action" : 10,
      "Text" : "[23;2~"
    },
    "0xf709-0x20000" : {
      "Action" : 10,
      "Text" : "[17;2~"
    },
    "0xf704-0x20000" : {
      "Action" : 10,
      "Text" : "[1;2P"
    },
    "0x34-0x40000" : {
      "Action" : 11,
      "Text" : "0x1c"
    },
    "0xf703-0x280000" : {
      "Text" : "f",
      "Action" : 10
    }
  },
  "Window Type" : 0,
  "Cursor Boost" : 0,
  "Cursor Type" : 2,
  "Background Image Location" : "",
  "Blur" : false,
  "Badge Color" : {
    "Red Component" : 1,
    "Color Space" : "sRGB",
    "Blue Component" : 0,
    "Alpha Component" : 0.5,
    "Green Component" : 0.1491314172744751
  },
  "Scrollback Lines" : 1000,
  "Send Code When Idle" : false,
  "Close Sessions On End" : true,
  "Terminal Type" : "xterm-256color",
  "Visual Bell" : true,
  "Flashing Bell" : false,
  "Silence Bell" : false,
  "Use Underline Color" : false,
  "Ansi 14 Color" : {
    "Blue Component" : 0.63137254901960782,
    "Color Space" : "sRGB",
    "Green Component" : 0.63137254901960782,
    "Red Component" : 0.57647058823529407
  },
  "Unicode Version" : 9,
  "ASCII Ligatures" : true,
  "Name" : "Default",
  "Cursor Text Color" : {
    "Blue Component" : 0.25882352941176473,
    "Color Space" : "sRGB",
    "Green Component" : 0.21176470588235294,
    "Red Component" : 0.027450980392156862
  },
  "Minimum Contrast" : 0.18885387073863635,
  "Shortcut" : "",
  "Cursor Color" : {
    "Blue Component" : 0.58823529411764708,
    "Color Space" : "sRGB",
    "Green Component" : 0.58039215686274515,
    "Red Component" : 0.51372549019607838
  },
  "Ansi 0 Color" : {
    "Blue Component" : 0.25882352941176473,